名称,年化利率
桔子理财,15.52%
微贷网,19.56%
投哪网,14.16%
玖富,23.60%
互融宝,20.13%
无忧车贷,18.40%
付融宝,16.44%
熊猫金库,16.32%
小黑鱼,21.17%
民投金服,21.52%
融贝网,18.00%
生菜金融,19.58%
米族金融,22.99%
你财富,12.33%
e路同心,16.09%
钱包金融,17.16%
宜人财富,29.98%
光汇云油,23.04%
今金贷,27.64%
空中金融,11.07%
万盈金融,15.81%
点牛金融,17.63%
合众e贷,18.49%
连资贷,25.55%
才米公社,19.34%
众房宝,17.00%
泰然金融,22.20%
优车融,36.00%
沙小僧,22.58%
紫马财行,20.68%
金世通,47.93%
宜湃网,28.95%
一点通,18.60%
小微理财,29.20%
玖融网,17.22%
小赢理财,9.68%
向上金服,12.45%
票票喵,23.71%
麦子金服,15.67%
联连理财,13.78%
华人金融,21.98%
广州e贷,20.19%
网信,146.00%
58车贷,26.28%
福利金融,26.28%
中业兴融,24.00%
普惠理财,29.56%
金算子,30.74%
维C理财,25.55%
温商贷,18.52%
你我金融,17.33%
邦帮堂,14.80%
联投银邦,23.52%
抱财网,21.84%
新新贷,20.64%
桶掌柜,18.50%
信而富,13.03%
点融,24.33%
百金贷,29.20%
果树财富,24.24%
悠米钱包,34.76%
立业贷,19.40%
金筑财富,14.84%
前海惠农,43.20%
铜板街,19.85%
爱钱进,19.83%
小微时贷,16.76%
友金所,21.92%
图腾贷,27.36%
创客金融,26.40%
e融所,19.20%
51人品,19.38%
信用宝,11.04%
汇盈金服,18.32%
微金在线,24.24%
君财金服,22.50%
今日捷财,14.88%
嘻牛基金,17.40%
51信用卡,浮动
你我贷,26.88%
易黄金,浮动
人人贷,11.16%
华金理财,23.33%
火星钱包,10.12%
票据宝,11.29%
塑如意,32.44%
惠投无忧,14.40%
摇财树,23.10%
爱贷网,32.92%
高搜易,11.68%
口袋理财,12.20%
短融网,9.48%
麻袋财富,17.71%
合拍在线,16.38%
E都市钱包,18.53%
广信贷,27.32%
宝宝钱包,16.32%
拍拍贷,43.58%
理财范,23.11%
宜贷网,19.44%
鼎有财,17.64%
钱吧,27.12%
看看钱包,75.40%
厚本金融,17.24%
智商金融,28.59%
钱盆网,27.08%
小资钱包,547.50%
陆金所,547500.00%
壹宝贷,20.16%
易通贷,28.23%
好又贷,12.40%
贷金所,23.92%
网投网,22.80%
佳兆业金服,120%
和信贷,29.20%
秒钱,20.86%
